Body,Head,Head Coverage,Standard_Confidence,Pca_Confidence,Support,Body_Size,Pca_Body_Size,Functional_variable
?b  hasChild  ?a  ?b  isMarriedTo  ?a   ,?a  isMarriedTo  ?b,0.016337,1,1,62,62,62,?a
?a  hasChild  ?b  ?b  isMarriedTo  ?a   ,?a  isMarriedTo  ?b,0.016337,1,1,62,62,62,?a
?b  dealsWith  ?a  ?b  hasNeighbor  ?a   ,?a  hasNeighbor  ?b,0.301075,1,1,168,168,168,?b
?b  hasNeighbor  ?a   ,?a  hasNeighbor  ?b,0.996416,0.996416,0.998205,556,558,557,?b
?b  isMarriedTo  ?a   ,?a  isMarriedTo  ?b,0.980237,0.980237,0.988573,3720,3795,3763,?a
?a  hasAcademicAdvisor  ?f  ?f  hasGender  ?b   ,?a  hasGender  ?b,0.011502,0.957606,0.961202,768,802,799,?a
?a  playsFor  ?b   ,?a  isAffiliatedTo  ?b,0.753076,0.876466,0.954666,284018,324049,297505,?a
?a  hasChild  ?f  ?f  isCitizenOf  ?b   ,?a  isCitizenOf  ?b,0.023837,0.359307,0.922222,83,231,90,?a
?e  hasChild  ?a  ?e  isCitizenOf  ?b   ,?a  isCitizenOf  ?b,0.024124,0.330709,0.913043,84,254,92,?a
?b  hasCapital  ?a  ?b  isLocatedIn  ?a   ,?a  isLocatedIn  ?b,0.010277,0.910891,0.911794,920,1010,1009,?a
?e  hasChild  ?a  ?e  isPoliticianOf  ?b   ,?a  isPoliticianOf  ?b,0.451052,0.756135,0.893116,986,1304,1104,?a
?a  isMarriedTo  ?f  ?f  isPoliticianOf  ?b   ,?a  isPoliticianOf  ?b,0.029735,0.380117,0.878378,65,171,74,?a
?e  isMarriedTo  ?a  ?e  isPoliticianOf  ?b   ,?a  isPoliticianOf  ?b,0.029735,0.382353,0.878378,65,170,74,?a
?a  hasChild  ?f  ?f  isPoliticianOf  ?b   ,?a  isPoliticianOf  ?b,0.427722,0.725932,0.875468,935,1288,1068,?a
?e  hasGender  ?b  ?e  influences  ?a   ,?a  hasGender  ?b,0.037082,0.847945,0.852324,2476,2920,2905,?a
?e  hasChild  ?a  ?e  isPoliticianOf  ?b   ,?a  isCitizenOf  ?b,0.030442,0.081288,0.84127,106,1304,126,?a
?a  isAffiliatedTo  ?b   ,?a  playsFor  ?b,0.876466,0.753076,0.83311,284018,377144,340913,?a
?a  hasChild  ?f  ?f  isCitizenOf  ?b   ,?a  isPoliticianOf  ?b,0.056725,0.536797,0.832215,124,231,149,?a
?f  hasGender  ?b  ?a  influences  ?f   ,?a  hasGender  ?b,0.030867,0.805393,0.805708,2061,2559,2558,?a
?f  isInterestedIn  ?b  ?a  isInterestedIn  ?f   ,?a  isInterestedIn  ?b,0.016461,0.8,0.8,4,5,5,?a
?a  hasChild  ?f  ?f  isPoliticianOf  ?b   ,?a  isCitizenOf  ?b,0.03475,0.093944,0.796053,121,1288,152,?a
?e  hasOfficialLanguage  ?b  ?e  isLocatedIn  ?a   ,?a  hasOfficialLanguage  ?b,0.076667,0.114428,0.793103,23,201,29,?a
?b  isLocatedIn  ?a  ?a  isLocatedIn  ?b   ,?a  hasCapital  ?b,0.35535,0.157211,0.790378,920,5852,1164,?a
?e  hasChild  ?a  ?e  isCitizenOf  ?b   ,?a  isPoliticianOf  ?b,0.065416,0.562992,0.785714,143,254,182,?a
?a  isCitizenOf  ?b   ,?a  isPoliticianOf  ?b,0.091949,0.057725,0.755639,201,3482,266,?a
?a  isPoliticianOf  ?b   ,?a  isCitizenOf  ?b,0.057725,0.091949,0.747212,201,2186,269,?a
?a  hasChild  ?f  ?f  hasGender  ?b   ,?a  hasGender  ?b,0.033503,0.671974,0.698408,2237,3329,3203,?a
?f  hasOfficialLanguage  ?b  ?a  isLocatedIn  ?f   ,?a  hasOfficialLanguage  ?b,0.18,0.003847,0.692308,54,14037,78,?a
?b  hasCapital  ?a   ,?a  isLocatedIn  ?b,0.019716,0.68173,0.684109,1765,2589,2580,?a
?e  hasChild  ?a  ?e  hasGender  ?b   ,?a  hasGender  ?b,0.036573,0.653465,0.678333,2442,3737,3600,?a
?b  isConnectedTo  ?a   ,?a  isConnectedTo  ?b,0.66813,0.66813,0.677601,21606,32338,31886,?b
?f  hasCurrency  ?b  ?a  hasNeighbor  ?f   ,?a  hasCurrency  ?b,0.163636,0.211765,0.666667,18,85,27,?a
?e  hasCurrency  ?b  ?e  hasNeighbor  ?a   ,?a  hasCurrency  ?b,0.163636,0.211765,0.666667,18,85,27,?a
?f  hasChild  ?b  ?a  isMarriedTo  ?f   ,?a  hasChild  ?b,0.313246,0.58388,0.58388,1601,2742,2742,?b
?e  hasChild  ?b  ?e  isMarriedTo  ?a   ,?a  hasChild  ?b,0.313246,0.579024,0.579024,1601,2765,2765,?b
?a  actedIn  ?b  ?a  directed  ?b   ,?a  created  ?b,0.030973,0.384752,0.571053,217,564,380,?b
?f  hasCurrency  ?b  ?a  isLocatedIn  ?f   ,?a  hasCurrency  ?b,0.081818,0.000555,0.5625,9,16224,16,?a
?a  actedIn  ?b  ?a  created  ?b   ,?a  directed  ?b,0.039241,0.453027,0.54386,217,479,399,?b
?a  hasCapital  ?b  ?b  isLocatedIn  ?a   ,?a  isLocatedIn  ?b,0.010277,0.521246,0.539906,920,1765,1704,?a
?a  hasAcademicAdvisor  ?f  ?f  isCitizenOf  ?b   ,?a  isCitizenOf  ?b,0.076967,0.362652,0.536,268,739,500,?a
?a  directed  ?f  ?f  isLocatedIn  ?b   ,?a  isCitizenOf  ?b,0.011775,0.015935,0.5125,41,2573,80,?a
?a  hasNeighbor  ?f  ?f  hasOfficialLanguage  ?b   ,?a  hasOfficialLanguage  ?b,0.253333,0.330435,0.493506,76,230,154,?a
?e  hasNeighbor  ?a  ?e  hasOfficialLanguage  ?b   ,?a  hasOfficialLanguage  ?b,0.253333,0.331878,0.493506,76,229,154,?a
?e  hasAcademicAdvisor  ?a  ?e  isCitizenOf  ?b   ,?a  isCitizenOf  ?b,0.057725,0.328969,0.487864,201,611,412,?a
?a  isCitizenOf  ?b   ,?a  livesIn  ?b,0.139156,0.120333,0.471316,419,3482,889,?a
?b  dealsWith  ?a  ?a  dealsWith  ?b   ,?a  hasNeighbor  ?b,0.100358,0.345679,0.466667,56,162,120,?b
?a  isMarriedTo  ?f  ?f  livesIn  ?b   ,?a  livesIn  ?b,0.019263,0.161111,0.464,58,360,125,?a
?e  isMarriedTo  ?a  ?e  livesIn  ?b   ,?a  livesIn  ?b,0.019263,0.161111,0.464,58,360,125,?a
?e  isInterestedIn  ?a  ?e  isInterestedIn  ?b   ,?a  isInterestedIn  ?b,0.024691,0.049587,0.461538,6,121,13,?a
?a  isLeaderOf  ?b   ,?a  isPoliticianOf  ?b,0.064044,0.144928,0.454545,140,966,308,?a
?e  hasCapital  ?a  ?e  isLocatedIn  ?b   ,?a  isLocatedIn  ?b,0.022833,0.450916,0.452312,2044,4533,4519,?a
?a  hasAcademicAdvisor  ?f  ?f  isCitizenOf  ?b   ,?a  livesIn  ?b,0.033876,0.138024,0.437768,102,739,233,?a
?a  hasAcademicAdvisor  ?f  ?f  livesIn  ?b   ,?a  livesIn  ?b,0.022916,0.17207,0.436709,69,401,158,?a
?a  hasCapital  ?b   ,?a  isLocatedIn  ?b,0.011282,0.390112,0.419609,1010,2589,2407,?a
?a  influences  ?f  ?f  isCitizenOf  ?b   ,?a  isCitizenOf  ?b,0.064331,0.115345,0.39576,224,1942,566,?a
?e  dealsWith  ?a  ?e  hasCurrency  ?b   ,?a  hasCurrency  ?b,0.154545,0.137097,0.395349,17,124,43,?a
?e  hasAcademicAdvisor  ?a  ?e  livesIn  ?b   ,?a  livesIn  ?b,0.019263,0.165714,0.394558,58,350,147,?a
?e  dealsWith  ?b  ?e  isLocatedIn  ?a   ,?a  dealsWith  ?b,0.016667,0.040892,0.392857,22,538,56,?a
?a  hasChild  ?f  ?f  isLeaderOf  ?b   ,?a  isPoliticianOf  ?b,0.048948,0.211462,0.391941,107,506,273,?a
?a  hasAcademicAdvisor  ?f  ?f  livesIn  ?b   ,?a  isCitizenOf  ?b,0.029006,0.25187,0.385496,101,401,262,?a
?e  hasAcademicAdvisor  ?a  ?e  isCitizenOf  ?b   ,?a  livesIn  ?b,0.024577,0.121113,0.38342,74,611,193,?a
?e  graduatedFrom  ?b  ?e  hasAcademicAdvisor  ?a   ,?a  worksAt  ?b,0.081603,0.246684,0.371505,279,1131,751,?a
?e  influences  ?a  ?e  isInterestedIn  ?b   ,?a  isInterestedIn  ?b,0.530864,0.112272,0.369628,129,1149,349,?a
?a  actedIn  ?f  ?f  isLocatedIn  ?b   ,?a  isCitizenOf  ?b,0.03274,0.010001,0.368932,114,11399,309,?a
?a  created  ?f  ?f  isLocatedIn  ?b   ,?a  isCitizenOf  ?b,0.042217,0.034776,0.368421,147,4227,399,?a
?b  participatedIn  ?a   ,?a  happenedIn  ?b,0.293391,0.288247,0.366667,1496,5190,4080,?b
?e  hasAcademicAdvisor  ?a  ?e  livesIn  ?b   ,?a  isCitizenOf  ?b,0.024698,0.245714,0.362869,86,350,237,?a
?e  influences  ?a  ?e  isCitizenOf  ?b   ,?a  isCitizenOf  ?b,0.078116,0.132877,0.362184,272,2047,751,?a
?a  hasChild  ?f  ?f  owns  ?b   ,?a  owns  ?b,0.024557,0.36,0.36,18,50,50,?b
?b  dealsWith  ?a  ?b  hasNeighbor  ?a   ,?a  dealsWith  ?b,0.042424,0.333333,0.356688,56,168,157,?a
?a  livesIn  ?b   ,?a  isCitizenOf  ?b,0.120333,0.139156,0.356293,419,3011,1176,?a
?b  dealsWith  ?a  ?a  hasNeighbor  ?b   ,?a  dealsWith  ?b,0.042424,0.331361,0.35443,56,169,158,?a
?e  isLeaderOf  ?a  ?e  wasBornIn  ?b   ,?a  hasCapital  ?b,0.016222,0.077634,0.352941,42,541,119,?a
?e  dealsWith  ?a  ?e  hasOfficialLanguage  ?b   ,?a  hasOfficialLanguage  ?b,0.246667,0.226994,0.347418,74,326,213,?a
?b  hasNeighbor  ?a   ,?a  dealsWith  ?b,0.12803,0.302867,0.347023,169,558,487,?a
?a  hasNeighbor  ?b   ,?a  dealsWith  ?b,0.127273,0.301075,0.344262,168,558,488,?a
?f  dealsWith  ?b  ?a  hasNeighbor  ?f   ,?a  dealsWith  ?b,0.496212,0.29827,0.335725,655,2196,1951,?a
?e  dealsWith  ?b  ?e  hasNeighbor  ?a   ,?a  dealsWith  ?b,0.496212,0.295578,0.334184,655,2216,1960,?a
?e  hasCurrency  ?b  ?e  isLocatedIn  ?a   ,?a  hasCurrency  ?b,0.018182,0.028169,0.333333,2,71,6,?a
?a  directed  ?b   ,?a  created  ?b,0.174707,0.221338,0.328414,1224,5530,3727,?b
?a  influences  ?f  ?f  isInterestedIn  ?b   ,?a  isInterestedIn  ?b,0.36214,0.084534,0.328358,88,1041,268,?a
?e  hasChild  ?a  ?e  livesIn  ?b   ,?a  livesIn  ?b,0.013949,0.12766,0.328125,42,329,128,?a
?f  diedIn  ?b  ?a  isMarriedTo  ?f   ,?a  diedIn  ?b,0.038223,0.228993,0.326624,357,1559,1093,?a
?e  diedIn  ?b  ?e  isMarriedTo  ?a   ,?a  diedIn  ?b,0.038223,0.227389,0.326624,357,1570,1093,?a
?a  hasCapital  ?f  ?f  isLocatedIn  ?b   ,?a  isLocatedIn  ?b,0.024497,0.295314,0.317366,2193,7426,6910,?a
?a  hasChild  ?f  ?f  livesIn  ?b   ,?a  livesIn  ?b,0.014281,0.111399,0.316176,43,386,136,?a
?a  dealsWith  ?f  ?f  hasCurrency  ?b   ,?a  hasCurrency  ?b,0.209091,0.057357,0.315068,23,401,73,?a
?a  livesIn  ?b  ?a  wasBornIn  ?b   ,?a  isLeaderOf  ?b,0.014493,0.10219,0.311111,14,137,45,?b
?e  hasChild  ?a  ?e  hasWonPrize  ?b   ,?a  hasWonPrize  ?b,0.033445,0.201189,0.310398,812,4036,2616,?a
?f  hasWonPrize  ?b  ?a  isMarriedTo  ?f   ,?a  hasWonPrize  ?b,0.021047,0.167596,0.310261,511,3049,1647,?a
?e  hasWonPrize  ?b  ?e  isMarriedTo  ?a   ,?a  hasWonPrize  ?b,0.021047,0.166504,0.310073,511,3069,1648,?a
?b  happenedIn  ?a   ,?a  participatedIn  ?b,0.288247,0.293391,0.310052,1496,5099,4825,?b
?a  hasAcademicAdvisor  ?f  ?f  worksAt  ?b   ,?a  graduatedFrom  ?b,0.052476,0.278174,0.304926,390,1402,1279,?a
?a  hasChild  ?f  ?f  hasWonPrize  ?b   ,?a  hasWonPrize  ?b,0.031632,0.190099,0.304279,768,4040,2524,?a
?a  happenedIn  ?f  ?b  hasCapital  ?f   ,?a  happenedIn  ?b,0.034517,0.187433,0.28479,176,939,618,?b
?e  diedIn  ?b  ?e  hasChild  ?a   ,?a  wasBornIn  ?b,0.010174,0.195763,0.284483,462,2360,1624,?a
?a  isPoliticianOf  ?b   ,?a  livesIn  ?b,0.02823,0.038884,0.284281,85,2186,299,?a
?e  hasChild  ?a  ?e  owns  ?b   ,?a  owns  ?b,0.027285,0.28169,0.28169,20,71,71,?b
?a  graduatedFrom  ?b   ,?a  worksAt  ?b,0.179,0.082347,0.280477,612,7432,2182,?a
?e  diedIn  ?b  ?e  isPoliticianOf  ?a   ,?a  hasCapital  ?b,0.050599,0.239488,0.278132,131,547,471,?a
?e  owns  ?a  ?e  owns  ?b   ,?a  isConnectedTo  ?b,0.010328,0.117275,0.275124,334,2848,1214,?b
?f  isLocatedIn  ?b  ?a  owns  ?f   ,?a  owns  ?b,0.015007,0.007275,0.275,11,1512,40,?b
?a  hasNeighbor  ?f  ?b  hasNeighbor  ?f   ,?a  hasNeighbor  ?b,0.888889,0.272228,0.272378,496,1822,1821,?b
?f  hasNeighbor  ?a  ?b  hasNeighbor  ?f   ,?a  hasNeighbor  ?b,0.888889,0.272079,0.272079,496,1823,1823,?b
?e  hasNeighbor  ?b  ?a  hasNeighbor  ?e   ,?a  hasNeighbor  ?b,0.888889,0.272079,0.272079,496,1823,1823,?b
?e  hasNeighbor  ?a  ?e  hasNeighbor  ?b   ,?a  hasNeighbor  ?b,0.888889,0.271483,0.271483,496,1827,1827,?b
?e  hasChild  ?a  ?e  isLeaderOf  ?b   ,?a  isPoliticianOf  ?b,0.022415,0.134986,0.266304,49,363,184,?a
?a  created  ?f  ?f  isLocatedIn  ?b   ,?a  isPoliticianOf  ?b,0.011436,0.005914,0.265957,25,4227,94,?a
?a  hasChild  ?f  ?f  wasBornIn  ?b   ,?a  diedIn  ?b,0.041328,0.133379,0.262407,386,2894,1471,?a
?f  isLocatedIn  ?b  ?a  livesIn  ?f   ,?a  isPoliticianOf  ?b,0.113449,0.034373,0.259686,248,7215,955,?a
?f  isLocatedIn  ?b  ?a  wasBornIn  ?f   ,?a  isPoliticianOf  ?b,0.450595,0.006429,0.257247,985,153214,3829,?a
?a  hasAcademicAdvisor  ?f  ?f  hasWonPrize  ?b   ,?a  hasWonPrize  ?b,0.015981,0.202717,0.256614,388,1914,1512,?a
?a  dealsWith  ?f  ?f  hasOfficialLanguage  ?b   ,?a  hasOfficialLanguage  ?b,0.356667,0.159463,0.256595,107,671,417,?a
?e  diedIn  ?b  ?e  hasChild  ?a   ,?a  diedIn  ?b,0.038651,0.152966,0.255304,361,2360,1414,?a
?e  hasAcademicAdvisor  ?a  ?e  hasWonPrize  ?b   ,?a  hasWonPrize  ?b,0.01248,0.196244,0.254408,303,1544,1191,?a
?a  hasNeighbor  ?f  ?f  imports  ?b   ,?a  imports  ?b,0.42132,0.20776,0.25228,166,799,658,?a
?f  dealsWith  ?b  ?a  dealsWith  ?f   ,?a  dealsWith  ?b,0.734848,0.251752,0.251752,970,3853,3853,?a
?e  hasNeighbor  ?a  ?e  imports  ?b   ,?a  imports  ?b,0.42132,0.206983,0.251135,166,802,661,?a
?f  exports  ?b  ?a  hasNeighbor  ?f   ,?a  exports  ?b,0.430446,0.192488,0.250765,164,852,654,?a
?e  exports  ?b  ?e  hasNeighbor  ?a   ,?a  exports  ?b,0.430446,0.190476,0.25,164,861,656,?a
?e  isCitizenOf  ?b  ?e  livesIn  ?a   ,?a  dealsWith  ?b,0.030303,0.06135,0.245399,40,652,163,?a
?a  diedIn  ?b   ,?a  livesIn  ?b,0.03454,0.011135,0.244131,104,9340,426,?a
?f  diedIn  ?b  ?a  hasChild  ?f   ,?a  diedIn  ?b,0.037366,0.165246,0.241355,349,2112,1446,?a
?a  hasChild  ?f  ?b  hasChild  ?f   ,?a  isMarriedTo  ?b,0.237154,0.106914,0.237029,900,8418,3797,?a
?a  created  ?b   ,?a  directed  ?b,0.221338,0.174707,0.237026,1224,7006,5164,?b
?a  isLocatedIn  ?b   ,?a  hasCapital  ?b,0.390112,0.011282,0.234176,1010,89521,4313,?a
?f  isLocatedIn  ?b  ?a  isLocatedIn  ?f   ,?a  isLocatedIn  ?b,0.391942,0.231789,0.231789,35087,151375,151375,?a
?e  dealsWith  ?a  ?e  dealsWith  ?b   ,?a  dealsWith  ?b,0.481061,0.194905,0.231583,635,3258,2742,?a
?a  diedIn  ?f  ?f  isLocatedIn  ?b   ,?a  isPoliticianOf  ?b,0.265782,0.016988,0.227754,581,34200,2551,?a
?a  isLeaderOf  ?f  ?f  isLocatedIn  ?b   ,?a  isCitizenOf  ?b,0.013498,0.028537,0.22381,47,1647,210,?a
?a  livesIn  ?b   ,?a  isPoliticianOf  ?b,0.038884,0.02823,0.223097,85,3011,381,?a
?b  hasCapital  ?f  ?a  livesIn  ?f   ,?a  isPoliticianOf  ?b,0.041171,0.041417,0.222772,90,2173,404,?a
?a  diedIn  ?f  ?f  isLocatedIn  ?b   ,?a  isCitizenOf  ?b,0.276565,0.028158,0.218516,963,34200,4407,?a
?e  hasChild  ?a  ?e  isPoliticianOf  ?b   ,?a  livesIn  ?b,0.010296,0.023773,0.21831,31,1304,142,?a
?f  isLocatedIn  ?b  ?a  wasBornIn  ?f   ,?a  isCitizenOf  ?b,0.490523,0.011148,0.217996,1708,153214,7835,?a
?f  graduatedFrom  ?b  ?a  hasAcademicAdvisor  ?f   ,?a  graduatedFrom  ?b,0.032831,0.196616,0.216889,244,1241,1125,?a
?a  isAffiliatedTo  ?f  ?f  isLocatedIn  ?b   ,?a  isPoliticianOf  ?b,0.247941,0.004083,0.215764,542,132758,2512,?a
?e  isCitizenOf  ?a  ?e  isCitizenOf  ?b   ,?a  dealsWith  ?b,0.067424,0.130117,0.214976,89,684,414,?a
?a  isLeaderOf  ?b   ,?a  livesIn  ?b,0.022584,0.070393,0.2125,68,966,320,?a
?e  dealsWith  ?a  ?e  imports  ?b   ,?a  imports  ?b,0.380711,0.162162,0.205761,150,925,729,?a
?e  hasChild  ?a  ?e  wasBornIn  ?b   ,?a  wasBornIn  ?b,0.010284,0.149632,0.203132,467,3121,2299,?a
?a  graduatedFrom  ?f  ?f  isLocatedIn  ?b   ,?a  isPoliticianOf  ?b,0.340348,0.041439,0.203001,744,17954,3665,?a
?f  graduatedFrom  ?b  ?a  hasChild  ?f   ,?a  graduatedFrom  ?b,0.035253,0.136175,0.200613,262,1924,1306,?a
?e  graduatedFrom  ?b  ?e  hasChild  ?a   ,?a  graduatedFrom  ?b,0.035118,0.136864,0.196981,261,1907,1325,?a
?a  graduatedFrom  ?f  ?f  isLocatedIn  ?b   ,?a  isCitizenOf  ?b,0.382252,0.074134,0.194648,1331,17954,6838,?a
?a  worksAt  ?b   ,?a  graduatedFrom  ?b,0.082347,0.179,0.194039,612,3419,3154,?a
?e  isPoliticianOf  ?a  ?e  livesIn  ?b   ,?a  hasCapital  ?b,0.026651,0.174684,0.192737,69,395,358,?a
?a  owns  ?f  ?b  owns  ?f   ,?a  dealsWith  ?b,0.055303,0.047681,0.190601,73,1531,383,?a
?a  isLeaderOf  ?f  ?f  isLocatedIn  ?b   ,?a  livesIn  ?b,0.03454,0.063145,0.189435,104,1647,549,?a
?a  dealsWith  ?f  ?f  imports  ?b   ,?a  imports  ?b,0.614213,0.15817,0.18921,242,1530,1279,?a
?f  hasCapital  ?b  ?a  isPoliticianOf  ?f   ,?a  livesIn  ?b,0.031219,0.010963,0.189135,94,8574,497,?a
?b  influences  ?a   ,?a  hasAcademicAdvisor  ?b,0.068404,0.005833,0.185294,63,10801,340,?a
?e  graduatedFrom  ?b  ?e  hasAcademicAdvisor  ?a   ,?a  graduatedFrom  ?b,0.024354,0.160035,0.183198,181,1131,988,?a
?e  hasWonPrize  ?b  ?e  influences  ?a   ,?a  hasWonPrize  ?b,0.024054,0.08753,0.177995,584,6672,3281,?a
?a  imports  ?b   ,?a  exports  ?b,0.160105,0.154822,0.177843,61,394,343,?a
?b  dealsWith  ?a   ,?a  hasNeighbor  ?b,0.302867,0.12803,0.176225,169,1320,959,?b
?a  hasAcademicAdvisor  ?f  ?f  worksAt  ?b   ,?a  worksAt  ?b,0.0506,0.123395,0.174924,173,1402,989,?a
?a  wasBornIn  ?b   ,?a  diedIn  ?b,0.123876,0.025478,0.174562,1157,45411,6628,?a
?a  diedIn  ?b   ,?a  wasBornIn  ?b,0.025478,0.123876,0.174562,1157,9340,6628,?a
?a  isLeaderOf  ?f  ?f  isLocatedIn  ?b   ,?a  isLeaderOf  ?b,0.086957,0.051002,0.173554,84,1647,484,?b
?a  happenedIn  ?e  ?e  isLocatedIn  ?b   ,?a  happenedIn  ?b,0.171014,0.132362,0.173291,872,6588,5032,?b
?a  isAffiliatedTo  ?f  ?f  isLocatedIn  ?b   ,?a  livesIn  ?b,0.055463,0.001258,0.173057,167,132758,965,?a
?a  exports  ?b   ,?a  imports  ?b,0.154822,0.160105,0.172316,61,381,354,?a
?a  hasNeighbor  ?f  ?f  participatedIn  ?b   ,?a  participatedIn  ?b,0.124085,0.171277,0.171277,644,3760,3760,?b
?e  hasNeighbor  ?a  ?e  participatedIn  ?b   ,?a  participatedIn  ?b,0.124085,0.170958,0.170958,644,3767,3767,?b
?e  dealsWith  ?a  ?e  exports  ?b   ,?a  exports  ?b,0.380577,0.129349,0.170588,145,1121,850,?a
?f  isLocatedIn  ?b  ?a  worksAt  ?f   ,?a  livesIn  ?b,0.1272,0.05087,0.169544,383,7529,2259,?a
?f  hasWonPrize  ?b  ?a  influences  ?f   ,?a  hasWonPrize  ?b,0.02183,0.07627,0.167245,530,6949,3169,?a
?a  dealsWith  ?b   ,?a  hasNeighbor  ?b,0.301075,0.127273,0.166998,168,1320,1006,?b
?f  dealsWith  ?b  ?a  isLocatedIn  ?f   ,?a  dealsWith  ?b,0.022727,0.000194,0.166667,30,154425,180,?a
?e  dealsWith  ?a  ?e  participatedIn  ?b   ,?a  participatedIn  ?b,0.177649,0.163562,0.163562,922,5637,5637,?b
?a  diedIn  ?f  ?f  isLocatedIn  ?b   ,?a  livesIn  ?b,0.08004,0.007047,0.161528,241,34200,1492,?a
?e  hasAcademicAdvisor  ?a  ?e  worksAt  ?b   ,?a  worksAt  ?b,0.04592,0.113521,0.161357,157,1383,973,?a
?e  isLocatedIn  ?a  ?e  isLocatedIn  ?b   ,?a  isLocatedIn  ?b,0.176003,0.147228,0.159303,15756,107018,98906,?a
?a  wroteMusicFor  ?b   ,?a  created  ?b,0.081073,0.093084,0.158394,568,6102,3586,?b
?e  hasChild  ?a  ?e  livesIn  ?b   ,?a  isPoliticianOf  ?b,0.014639,0.097264,0.15534,32,329,206,?a
?a  isAffiliatedTo  ?f  ?f  isLocatedIn  ?b   ,?a  diedIn  ?b,0.071413,0.005024,0.153333,667,132758,4350,?a
?a  hasChild  ?f  ?b  isMarriedTo  ?f   ,?a  hasChild  ?b,0.054001,0.118914,0.151233,276,2321,1825,?b
?a  hasChild  ?f  ?f  isMarriedTo  ?b   ,?a  hasChild  ?b,0.054001,0.118659,0.15115,276,2326,1826,?b
?b  dealsWith  ?a   ,?a  dealsWith  ?b,0.122727,0.122727,0.14808,162,1320,1094,?a
?a  hasNeighbor  ?f  ?b  hasNeighbor  ?f   ,?a  dealsWith  ?b,0.17803,0.128979,0.148078,235,1822,1587,?a
?f  hasNeighbor  ?a  ?b  hasNeighbor  ?f   ,?a  dealsWith  ?b,0.17803,0.128908,0.147985,235,1823,1588,?a
?f  hasNeighbor  ?b  ?a  hasNeighbor  ?f   ,?a  dealsWith  ?b,0.17803,0.128908,0.147985,235,1823,1588,?a
?e  hasNeighbor  ?a  ?e  hasNeighbor  ?b   ,?a  dealsWith  ?b,0.17803,0.128626,0.147706,235,1827,1591,?a
?b  hasCapital  ?f  ?a  isLocatedIn  ?f   ,?a  isLocatedIn  ?b,0.027491,0.145932,0.145932,2461,16864,16864,?a
?e  hasChild  ?a  ?e  wasBornIn  ?b   ,?a  diedIn  ?b,0.02227,0.066645,0.145658,208,3121,1428,?a
?f  isLocatedIn  ?b  ?a  playsFor  ?f   ,?a  diedIn  ?b,0.027088,0.00322,0.145486,253,78569,1739,?a
?a  graduatedFrom  ?f  ?f  isLocatedIn  ?b   ,?a  livesIn  ?b,0.227831,0.038209,0.145001,686,17954,4731,?a
?a  isAffiliatedTo  ?f  ?f  isLocatedIn  ?b   ,?a  isCitizenOf  ?b,0.062321,0.001635,0.144763,217,132758,1499,?a
?a  hasChild  ?f  ?f  livesIn  ?b   ,?a  isPoliticianOf  ?b,0.014639,0.082902,0.144144,32,386,222,?a
?a  isLeaderOf  ?f  ?f  isLocatedIn  ?b   ,?a  isPoliticianOf  ?b,0.029735,0.039466,0.143805,65,1647,452,?a
?f  isLocatedIn  ?b  ?a  worksAt  ?f   ,?a  isCitizenOf  ?b,0.192418,0.088989,0.143438,670,7529,4671,?a
?e  isPoliticianOf  ?a  ?e  wasBornIn  ?b   ,?a  hasCapital  ?b,0.051371,0.128627,0.141489,133,1034,940,?a
?b  isLocatedIn  ?f  ?a  owns  ?f   ,?a  owns  ?b,0.015007,0.005627,0.141026,11,1955,78,?b
?a  livesIn  ?b   ,?a  diedIn  ?b,0.011135,0.03454,0.140351,104,3011,741,?a
?f  isLocatedIn  ?b  ?a  livesIn  ?f   ,?a  isCitizenOf  ?b,0.103102,0.049757,0.139472,359,7215,2574,?a
?e  hasCapital  ?b  ?e  isLocatedIn  ?a   ,?a  hasCapital  ?b,0.08961,0.05118,0.138507,232,4533,1675,?a
?e  dealsWith  ?b  ?a  hasNeighbor  ?e   ,?a  hasNeighbor  ?b,0.412186,0.104736,0.136499,230,2196,1685,?b
?a  dealsWith  ?f  ?f  exports  ?b   ,?a  exports  ?b,0.51706,0.10765,0.136238,197,1830,1446,?a
?b  hasCapital  ?f  ?a  wasBornIn  ?f   ,?a  isPoliticianOf  ?b,0.168801,0.004718,0.135862,369,78215,2716,?a
?e  dealsWith  ?b  ?e  hasNeighbor  ?a   ,?a  hasNeighbor  ?b,0.412186,0.103791,0.135374,230,2216,1699,?b
?f  graduatedFrom  ?b  ?a  hasAcademicAdvisor  ?f   ,?a  worksAt  ?b,0.031881,0.087832,0.134901,109,1241,808,?a
?e  diedIn  ?b  ?e  livesIn  ?a   ,?a  hasCapital  ?b,0.01545,0.066778,0.13289,40,599,301,?a
?a  diedIn  ?f  ?b  hasCapital  ?f   ,?a  isPoliticianOf  ?b,0.186642,0.015522,0.130393,408,26285,3129,?a
?e  dealsWith  ?a  ?e  imports  ?b   ,?a  exports  ?b,0.238845,0.098378,0.130186,91,925,699,?a
?b  hasCapital  ?f  ?a  livesIn  ?f   ,?a  livesIn  ?b,0.093324,0.129314,0.129314,281,2173,2173,?a
?a  dealsWith  ?f  ?f  exports  ?b   ,?a  imports  ?b,0.502538,0.108197,0.126842,198,1830,1561,?a
?a  created  ?b   ,?a  wroteMusicFor  ?b,0.093084,0.081073,0.126391,568,7006,4494,?b
?f  isLocatedIn  ?b  ?a  livesIn  ?f   ,?a  livesIn  ?b,0.283627,0.118365,0.118365,854,7215,7215,?a
?e  influences  ?a  ?e  isKnownFor  ?b   ,?a  isInterestedIn  ?b,0.045267,0.027708,0.117021,11,397,94,?a
?e  diedIn  ?b  ?e  isCitizenOf  ?a   ,?a  hasCapital  ?b,0.03399,0.113111,0.116711,88,778,754,?a
?f  isLocatedIn  ?b  ?a  worksAt  ?f   ,?a  diedIn  ?b,0.040257,0.04994,0.113321,376,7529,3318,?a
?a  hasNeighbor  ?f  ?f  imports  ?b   ,?a  exports  ?b,0.181102,0.086358,0.11293,69,799,611,?a
?e  hasNeighbor  ?a  ?e  imports  ?b   ,?a  exports  ?b,0.181102,0.086035,0.112378,69,802,614,?a
?e  livesIn  ?a  ?e  livesIn  ?b   ,?a  dealsWith  ?b,0.045455,0.016901,0.11194,60,3550,536,?a
?e  exports  ?b  ?e  hasNeighbor  ?a   ,?a  imports  ?b,0.19797,0.090592,0.111111,78,861,702,?a
?e  influences  ?a  ?e  worksAt  ?b   ,?a  worksAt  ?b,0.018134,0.05053,0.110517,62,1227,561,?a
?f  isLocatedIn  ?a  ?b  participatedIn  ?f   ,?a  dealsWith  ?b,0.07197,0.033263,0.110209,95,2856,862,?a
?b  hasChild  ?a   ,?a  hasChild  ?b,0.082176,0.082176,0.110034,420,5111,3817,?b
?f  exports  ?b  ?a  hasNeighbor  ?f   ,?a  imports  ?b,0.195431,0.090376,0.11,77,852,700,?a
?f  graduatedFrom  ?b  ?a  influences  ?f   ,?a  worksAt  ?b,0.017841,0.01765,0.108541,61,3456,562,?a
?e  isMarriedTo  ?a  ?e  wasBornIn  ?b   ,?a  diedIn  ?b,0.012848,0.044759,0.107817,120,2681,1113,?a
?a  diedIn  ?f  ?b  hasCapital  ?f   ,?a  isCitizenOf  ?b,0.122056,0.016169,0.107242,425,26285,3963,?a
?f  hasCapital  ?b  ?a  isPoliticianOf  ?f   ,?a  diedIn  ?b,0.041542,0.045253,0.105924,388,8574,3663,?a
?a  happenedIn  ?e  ?e  hasNeighbor  ?b   ,?a  happenedIn  ?b,0.070406,0.083006,0.105588,359,4325,3400,?b
?a  happenedIn  ?f  ?b  hasNeighbor  ?f   ,?a  happenedIn  ?b,0.070406,0.082948,0.105526,359,4328,3402,?b
?a  isMarriedTo  ?f  ?f  wasBornIn  ?b   ,?a  diedIn  ?b,0.012634,0.044178,0.105357,118,2671,1120,?a
?f  dealsWith  ?a  ?b  hasNeighbor  ?f   ,?a  hasNeighbor  ?b,0.412186,0.104736,0.104736,230,2196,2196,?b
?e  dealsWith  ?a  ?e  owns  ?b   ,?a  owns  ?b,0.039563,0.104693,0.104693,29,277,277,?b
?a  wasBornIn  ?b   ,?a  livesIn  ?b,0.0455,0.003017,0.1045,137,45411,1311,?a
?a  directed  ?b   ,?a  actedIn  ?b,0.017365,0.101989,0.104136,564,5530,5416,?b
?e  dealsWith  ?a  ?e  hasNeighbor  ?b   ,?a  hasNeighbor  ?b,0.412186,0.103791,0.103791,230,2216,2216,?b
?a  hasNeighbor  ?e  ?e  owns  ?b   ,?a  owns  ?b,0.030014,0.102804,0.102804,22,214,214,?b
?e  influences  ?a  ?e  worksAt  ?b   ,?a  graduatedFrom  ?b,0.011168,0.067645,0.102723,83,1227,808,?a
?b  hasCapital  ?f  ?a  wasBornIn  ?f   ,?a  isCitizenOf  ?b,0.128374,0.005715,0.101753,447,78215,4393,?a
?e  hasNeighbor  ?a  ?e  owns  ?b   ,?a  owns  ?b,0.030014,0.101382,0.101382,22,217,217,?b
Mining done in 1 min 46.580 s,,,,,,,,
Total time 1 min 53.870 s,,,,,,,,
236 rules mined.,,,,,,,,
